<?xml version="1.0" encoding="UTF-8"?>
<GenRun Id="impl_1" LaunchPart="xc7a100tcsg324-1" LaunchTime="1698271869">
  <File Type="BITSTR-BMM" Name="full_device_bd.bmm"/>
  <File Type="OPT-METHODOLOGY-DRC" Name="full_device_methodology_drc_opted.rpt"/>
  <File Type="INIT-TIMING" Name="full_device_timing_summary_init.rpt"/>
  <File Type="ROUTE-PWR" Name="full_device_power_routed.rpt"/>
  <File Type="PA-TCL" Name="full_device.tcl"/>
  <File Type="OPT-TIMING" Name="full_device_timing_summary_opted.rpt"/>
  <File Type="OPT-DCP" Name="full_device_opt.dcp"/>
  <File Type="ROUTE-PWR-SUM" Name="full_device_power_summary_routed.pb"/>
  <File Type="REPORTS-TCL" Name="full_device_reports.tcl"/>
  <File Type="OPT-DRC" Name="full_device_drc_opted.rpt"/>
  <File Type="OPT-HWDEF" Name="full_device.hwdef"/>
  <File Type="PWROPT-DCP" Name="full_device_pwropt.dcp"/>
  <File Type="PWROPT-DRC" Name="full_device_drc_pwropted.rpt"/>
  <File Type="PWROPT-TIMING" Name="full_device_timing_summary_pwropted.rpt"/>
  <File Type="PLACE-DCP" Name="full_device_placed.dcp"/>
  <File Type="PLACE-IO" Name="full_device_io_placed.rpt"/>
  <File Type="PLACE-CLK" Name="full_device_clock_utilization_placed.rpt"/>
  <File Type="PLACE-UTIL" Name="full_device_utilization_placed.rpt"/>
  <File Type="PLACE-UTIL-PB" Name="full_device_utilization_placed.pb"/>
  <File Type="PLACE-CTRL" Name="full_device_control_sets_placed.rpt"/>
  <File Type="PLACE-SIMILARITY" Name="full_device_incremental_reuse_placed.rpt"/>
  <File Type="PLACE-PRE-SIMILARITY" Name="full_device_incremental_reuse_pre_placed.rpt"/>
  <File Type="BG-BGN" Name="full_device.bgn"/>
  <File Type="PLACE-TIMING" Name="full_device_timing_summary_placed.rpt"/>
  <File Type="POSTPLACE-PWROPT-DCP" Name="full_device_postplace_pwropt.dcp"/>
  <File Type="BG-BIN" Name="full_device.bin"/>
  <File Type="POSTPLACE-PWROPT-TIMING" Name="full_device_timing_summary_postplace_pwropted.rpt"/>
  <File Type="PHYSOPT-DCP" Name="full_device_physopt.dcp"/>
  <File Type="PHYSOPT-DRC" Name="full_device_drc_physopted.rpt"/>
  <File Type="BITSTR-MSK" Name="full_device.msk"/>
  <File Type="PHYSOPT-TIMING" Name="full_device_timing_summary_physopted.rpt"/>
  <File Type="ROUTE-ERROR-DCP" Name="full_device_routed_error.dcp"/>
  <File Type="ROUTE-DCP" Name="full_device_routed.dcp"/>
  <File Type="ROUTE-BLACKBOX-DCP" Name="full_device_routed_bb.dcp"/>
  <File Type="ROUTE-DRC" Name="full_device_drc_routed.rpt"/>
  <File Type="ROUTE-DRC-PB" Name="full_device_drc_routed.pb"/>
  <File Type="BITSTR-LTX" Name="debug_nets.ltx"/>
  <File Type="BITSTR-LTX" Name="full_device.ltx"/>
  <File Type="ROUTE-DRC-RPX" Name="full_device_drc_routed.rpx"/>
  <File Type="BITSTR-MMI" Name="full_device.mmi"/>
  <File Type="ROUTE-METHODOLOGY-DRC" Name="full_device_methodology_drc_routed.rpt"/>
  <File Type="ROUTE-METHODOLOGY-DRC-RPX" Name="full_device_methodology_drc_routed.rpx"/>
  <File Type="BITSTR-SYSDEF" Name="full_device.sysdef"/>
  <File Type="ROUTE-METHODOLOGY-DRC-PB" Name="full_device_methodology_drc_routed.pb"/>
  <File Type="ROUTE-PWR-RPX" Name="full_device_power_routed.rpx"/>
  <File Type="ROUTE-STATUS" Name="full_device_route_status.rpt"/>
  <File Type="ROUTE-STATUS-PB" Name="full_device_route_status.pb"/>
  <File Type="ROUTE-TIMINGSUMMARY" Name="full_device_timing_summary_routed.rpt"/>
  <File Type="ROUTE-TIMING-PB" Name="full_device_timing_summary_routed.pb"/>
  <File Type="ROUTE-TIMING-RPX" Name="full_device_timing_summary_routed.rpx"/>
  <File Type="ROUTE-SIMILARITY" Name="full_device_incremental_reuse_routed.rpt"/>
  <File Type="ROUTE-CLK" Name="full_device_clock_utilization_routed.rpt"/>
  <File Type="ROUTE-BUS-SKEW" Name="full_device_bus_skew_routed.rpt"/>
  <File Type="ROUTE-BUS-SKEW-PB" Name="full_device_bus_skew_routed.pb"/>
  <File Type="ROUTE-BUS-SKEW-RPX" Name="full_device_bus_skew_routed.rpx"/>
  <File Type="POSTROUTE-PHYSOPT-DCP" Name="full_device_postroute_physopt.dcp"/>
  <File Type="POSTROUTE-PHYSOPT-BLACKBOX-DCP" Name="full_device_postroute_physopt_bb.dcp"/>
  <File Type="POSTROUTE-PHYSOPT-TIMING" Name="full_device_timing_summary_postroute_physopted.rpt"/>
  <File Type="POSTROUTE-PHYSOPT-TIMING-PB" Name="full_device_timing_summary_postroute_physopted.pb"/>
  <File Type="POSTROUTE-PHYSOPT-TIMING-RPX" Name="full_device_timing_summary_postroute_physopted.rpx"/>
  <File Type="POSTROUTE-PHYSOPT-BUS-SKEW" Name="full_device_bus_skew_postroute_physopted.rpt"/>
  <File Type="POSTROUTE-PHYSOPT-BUS-SKEW-PB" Name="full_device_bus_skew_postroute_physopted.pb"/>
  <File Type="BG-BIT" Name="full_device.bit"/>
  <File Type="POSTROUTE-PHYSOPT-BUS-SKEW-RPX" Name="full_device_bus_skew_postroute_physopted.rpx"/>
  <File Type="BITSTR-RBT" Name="full_device.rbt"/>
  <File Type="BITSTR-NKY" Name="full_device.nky"/>
  <File Type="BG-DRC" Name="full_device.drc"/>
  <File Type="RDI-RDI" Name="full_device.vdi"/>
  <File Type="WBT-USG" Name="usage_statistics_webtalk.html"/>
  <FileSet Name="sources" Type="DesignSrcs" RelSrcDir="$PSRCDIR/sources_1">
    <Filter Type="Srcs"/>
    <File Path="$PSRCDIR/sources_1/new/ALU.v">
      <FileInfo>
        <Attr Name="UsedIn" Val="synthesis"/>
        <Attr Name="UsedIn" Val="implementation"/>
        <Attr Name="UsedIn" Val="simulation"/>
      </FileInfo>
    </File>
    <File Path="$PSRCDIR/sources_1/new/carry_select_adder.v">
      <FileInfo>
        <Attr Name="UsedIn" Val="synthesis"/>
        <Attr Name="UsedIn" Val="implementation"/>
        <Attr Name="UsedIn" Val="simulation"/>
      </FileInfo>
    </File>
    <File Path="$PSRCDIR/sources_1/new/decoder.v">
      <FileInfo>
        <Attr Name="UsedIn" Val="synthesis"/>
        <Attr Name="UsedIn" Val="implementation"/>
        <Attr Name="UsedIn" Val="simulation"/>
      </FileInfo>
    </File>
    <File Path="$PSRCDIR/sources_1/new/display.v">
      <FileInfo>
        <Attr Name="UsedIn" Val="synthesis"/>
        <Attr Name="UsedIn" Val="implementation"/>
        <Attr Name="UsedIn" Val="simulation"/>
      </FileInfo>
    </File>
    <File Path="$PSRCDIR/sources_1/new/full_adder.v">
      <FileInfo>
        <Attr Name="UsedIn" Val="synthesis"/>
        <Attr Name="UsedIn" Val="implementation"/>
        <Attr Name="UsedIn" Val="simulation"/>
      </FileInfo>
    </File>
    <File Path="$PSRCDIR/sources_1/new/half_adder.v">
      <FileInfo>
        <Attr Name="UsedIn" Val="synthesis"/>
        <Attr Name="UsedIn" Val="implementation"/>
        <Attr Name="UsedIn" Val="simulation"/>
      </FileInfo>
    </File>
    <File Path="$PSRCDIR/sources_1/new/mux_2x1.v">
      <FileInfo>
        <Attr Name="UsedIn" Val="synthesis"/>
        <Attr Name="UsedIn" Val="implementation"/>
        <Attr Name="UsedIn" Val="simulation"/>
      </FileInfo>
    </File>
    <File Path="$PSRCDIR/sources_1/new/full_device.v">
      <FileInfo>
        <Attr Name="UsedIn" Val="synthesis"/>
        <Attr Name="UsedIn" Val="implementation"/>
        <Attr Name="UsedIn" Val="simulation"/>
      </FileInfo>
    </File>
    <File Path="$PSRCDIR/sources_1/new/subtractor.v">
      <FileInfo>
        <Attr Name="AutoDisabled" Val="1"/>
        <Attr Name="UsedIn" Val="synthesis"/>
        <Attr Name="UsedIn" Val="implementation"/>
        <Attr Name="UsedIn" Val="simulation"/>
      </FileInfo>
    </File>
    <Config>
      <Option Name="DesignMode" Val="RTL"/>
      <Option Name="TopModule" Val="full_device"/>
      <Option Name="TopAutoSet" Val="TRUE"/>
    </Config>
  </FileSet>
  <FileSet Name="constrs_in" Type="Constrs" RelSrcDir="$PSRCDIR/constrs_1">
    <Filter Type="Constrs"/>
    <File Path="$PSRCDIR/constrs_1/Nexys4DDR_Master.xdc">
      <FileInfo>
        <Attr Name="UsedIn" Val="synthesis"/>
        <Attr Name="UsedIn" Val="implementation"/>
      </FileInfo>
    </File>
    <Config>
      <Option Name="ConstrsType" Val="XDC"/>
    </Config>
  </FileSet>
  <FileSet Name="utils" Type="Utils" RelSrcDir="$PSRCDIR/utils_1">
    <Filter Type="Utils"/>
    <Config>
      <Option Name="TopAutoSet" Val="TRUE"/>
    </Config>
  </FileSet>
  <Strategy Version="1" Minor="2">
    <StratHandle Name="Vivado Implementation Defaults" Flow="Vivado Implementation 2019"/>
    <Step Id="init_design"/>
    <Step Id="opt_design"/>
    <Step Id="power_opt_design"/>
    <Step Id="place_design"/>
    <Step Id="post_place_power_opt_design"/>
    <Step Id="phys_opt_design"/>
    <Step Id="route_design"/>
    <Step Id="post_route_phys_opt_design"/>
    <Step Id="write_bitstream"/>
  </Strategy>
</GenRun>
